<?xml version="1.0" encoding="UTF-8" standalone="yes"?>
<Content>
    <Views>
        <ViewDef id="71deb798-1bc9-4739-a3d2-9ec5f0876282">
            <Title>Alerts and Alarms Count - About</Title>
            <Description/>
            <Usage>dashboard</Usage>
            <Usage>report</Usage>
            <Usage>content</Usage>
            <Controls>
                <Control id="time-interval-selector_id_101" type="time-interval-selector" visible="false">
                    <Property name="advancedTimeMode" value="false"/>
                    <Property name="unit" value="DAYS"/>
                    <Property name="count" value="7"/>
                </Control>
            </Controls>
            <Presentation type="text">
                <Properties>
                    <Property name="text" value="​Select the vROps node to populate the other fields. The recommended maximum counts are 10,000 for alerts and 1,500,000 for alarms."/>
                </Properties>
            </Presentation>
        </ViewDef>
        <ViewDef id="fe4e62aa-4036-4818-977f-a30360c8b85f">
            <Title>Alerts and Alarms Count - Current Count</Title>
            <Description/>
            <SubjectType adapterKind="vCenter Operations Adapter" resourceKind="vC-Ops-Persistence" type="descendant"/>
            <SubjectType adapterKind="vCenter Operations Adapter" resourceKind="vC-Ops-Persistence" type="self"/>
            <Usage>dashboard</Usage>
            <Usage>report</Usage>
            <Usage>details</Usage>
            <Usage>content</Usage>
            <Controls>
                <Control id="time-interval-selector_id_104" type="time-interval-selector" visible="false">
                    <Property name="advancedTimeMode" value="false"/>
                    <Property name="unit" value="DAYS"/>
                    <Property name="count" value="7"/>
                </Control>
                <Control id="attributes-selector_id_105" type="attributes-selector" visible="false">
                    <Property name="attributeInfos">
                        <List>
                            <Item>
<Value>
    <Property name="objectType" value="RESOURCE"/>
    <Property name="attributeKey" value="AlarmSQL|TotalAlerts"/>
    <Property name="isStringAttribute" value="false"/>
    <Property name="adapterKind" value="vCenter Operations Adapter"/>
    <Property name="resourceKind" value="vC-Ops-Persistence"/>
    <Property name="rollUpType" value="NONE"/>
    <Property name="rollUpCount" value="0"/>
    <Property name="transformations">
        <List>
            <Item value="CURRENT"/>
        </List>
    </Property>
    <Property name="isProperty" value="false"/>
    <Property name="redBound" value="10000"/>
    <Property name="ascendingRange" value="false"/>
    <Property name="displayName" value="Alert Count"/>
</Value>
                            </Item>
                            <Item>
<Value>
    <Property name="objectType" value="RESOURCE"/>
    <Property name="attributeKey" value="AlarmSQL|TotalAlarms"/>
    <Property name="isStringAttribute" value="false"/>
    <Property name="adapterKind" value="vCenter Operations Adapter"/>
    <Property name="resourceKind" value="vC-Ops-Persistence"/>
    <Property name="rollUpType" value="NONE"/>
    <Property name="rollUpCount" value="0"/>
    <Property name="transformations">
        <List>
            <Item value="CURRENT"/>
        </List>
    </Property>
    <Property name="isProperty" value="false"/>
    <Property name="redBound" value="1500000"/>
    <Property name="ascendingRange" value="false"/>
    <Property name="displayName" value="Alarm Count"/>
</Value>
                            </Item>
                        </List>
                    </Property>
                </Control>
                <Control id="pagination-control_id_106" type="pagination-control" visible="true">
                    <Property name="start" value="0"/>
                    <Property name="size" value="50"/>
                </Control>
                <Control id="metadata_id_107" type="metadata" visible="false">
                    <Property name="maxPointsCount" value="5000"/>
                    <Property name="hideObjectNameColumn" value="false"/>
                    <Property name="listTopResultSize" value="-1"/>
                </Control>
            </Controls>
            <DataProviders>
                <DataProvider dataType="list-view" id="list-view_id_103"/>
            </DataProviders>
            <Presentation type="list"/>
        </ViewDef>
    </Views>
</Content>
